景点,类型,评论数量,评分
中央公园,公园&景观步行区&景点与地标,107338,4.5 分
9/11纪念馆,历史景点&纪念碑与雕像&专业博物馆&景点与地标,73465,4.5 分
大都会艺术博物馆,艺术博物馆&景点与地标,45474,5 分
峭石之巅观景台,观察台与观景塔&t望台,65179,4.5 分
曼哈顿天际线,景点与地标,17204,5 分
大中央车站,建筑物&景点与地标,34110,4.5 分
高线公园,公园&景观步行区,49878,4.5 分
百老汇,景点与地标,25257,4.5 分
帝国大厦,建筑物&观察台与观景塔&景点与地标,63911,4.5 分
弗里克美术收藏馆,艺术博物馆,7770,5 分
布莱恩公园,公园,17781,4.5 分
世贸一号观景台,建筑物&观察台与观景塔,17870,4.5 分
自由女神像,纪念碑与雕像&景点与地标,32897,4.5 分
圣帕提克大教堂,教堂与大教堂,10034,4.5 分
史泰登岛渡轮,轮渡,17176,4.5 分
世贸大厦遗址博物馆工作室,专业博物馆,2783,5 分
无线电城音乐大厅,剧院&景点与地标,7555,4.5 分
洛克菲勒中心,建筑物&景点与地标,19485,4.5 分
纽约公共图书馆,专业博物馆,11032,4.5 分
时代广场,区域&景点与地标,39412,4.5 分
麦迪逊广场花园,竞技场与体育馆,7344,4.5 分
修道院博物馆,圣地与宗教景点&艺术博物馆,4409,4.5 分
移民公寓博物馆,专业博物馆,5467,4.5 分
美国自然历史博物馆,自然历史博物馆,19380,4.5 分
第五大道,景点与地标,7528,4.5 分
现代艺术博物馆,艺术博物馆,14300,4.5 分
林肯表演艺术中心,剧院,2276,4.5 分
无畏海空宇宙博物馆,专业博物馆,7644,4.5 分
切尔西市场,跳蚤市场与街边市场,7402,4.5 分
埃利斯岛,历史景点&历史博物馆&景点与地标,6001,4.5 分
林肯中心爵士乐表演,市政中心&剧院,739,4.5 分
摩根图书馆与博物馆,专业博物馆&图书馆,1480,4.5 分
格林威治村,区域,3322,4.5 分
归零地（9.11世贸中心遗址）,圣地与宗教景点,1032,4.5 分
圣保罗教堂,圣地与宗教景点&教堂与大教堂,3254,4.5 分
西村,区域,1300,4.5 分
华盛顿广场公园,区域&公园&景点与地标,2939,4.5 分
克莱斯勒大厦,建筑物,2607,4.5 分
SoHo区,区域,3518,4.5 分
Christmas Spectacular Starring the Radio City Rockettes,文化活动,874,4.5 分
罗斯福岛棕榈泉,有轨电车,3058,4.5 分
亚治烈街博物馆,专业博物馆,315,4.5 分
艾利斯岛移民博物馆,专业博物馆,2442,4.5 分
熨斗大厦,建筑物,2856,4.5 分
曼哈顿下城,区域,900,4.5 分
圣约翰教堂,圣地与宗教景点,1358,4.5 分
盖西文剧院,剧院,395,4.5 分
The Oculus,纪念碑与雕像&建筑物,1225,4.5 分
伍尔沃斯大厦,建筑物,654,4.5 分
Gulliver's Gate,科学博物馆&专业博物馆,1168,4.5 分
温室花园,花园,304,4.5 分
总督岛国家纪念碑,历史景点&景点与地标,683,4.5 分
上西区,区域&景点与地标,762,4.5 分
阿波罗剧院,剧院,492,4.5 分
纽约新画廊,艺术博物馆,1316,4.5 分
One World Trade Center,建筑物&景点与地标,203,4.5 分
World Trade Center Memorial Foundation,历史景点&史迹徒步游区域,222,4.5 分
圣三一教堂,建筑物&圣地与宗教景点,1231,4.5 分
曼哈顿桥,桥梁,1009,4.5 分
河滨公园,公园,410,4.5 分
圣・托马斯教堂,圣地与宗教景点&教堂与大教堂,380,4.5 分
哈德逊河公园,公园,397,4.5 分
毕士达喷泉,喷泉,599,4.5 分
大中央市场,跳蚤市场与街边市场&景点与地标,551,4.5 分
哥伦比亚大学,教育机构,475,4.5 分
布鲁克菲尔德广场展厅(原世界金融中心),建筑物,410,4.5 分
联合广场,区域&公园&景点与地标,1209,4.5 分
肉品市场区,区域,617,4.5 分
巴特里公园,公园,2133,4 分
切尔西,区域,456,4.5 分
梅西百货先驱广场店,百货商场,3837,4 分
古柏惠特博物馆,历史景点&艺术博物馆,443,4.5 分
联合国总部,历史景点&景点与地标&政府建筑,1476,4 分
百老汇剧场,剧院,409,4.5 分
麦迪逊广场,景点与地标,510,4.5 分
21世纪购物中心,百货商场,3035,4 分
罗斯福岛,岛屿,624,4.5 分
纽约杜莎夫人蜡像馆,专业博物馆,6829,4 分
爱丽丝梦游仙境雕塑,纪念碑与雕像,466,4.5 分
哈莱姆区,区域,1011,4 分
所罗门・R・古根海姆博物馆,艺术博物馆,4521,3.5 分
鲁宾喜马拉雅艺术博物馆,专业博物馆,297,4.5 分
美国原住民博物馆,专业博物馆,609,4 分
约翰・列侬纪念馆,纪念碑与雕像&公园,1507,4 分
纽约市立博物馆,历史博物馆&专业博物馆,797,4 分
国王剧院,剧院,583,4.5 分
纽约历史协会,艺术博物馆&儿童博物馆&历史博物馆&专业博物馆,624,4.5 分
华尔街,区域&景点与地标,2633,4 分
联合广场跳蚤市场,跳蚤市场与街边市场,269,4.5 分
中央公园动物园,动物园,2662,4 分
小意大利,区域,3070,4 分
新阿姆斯特丹剧院,剧院,529,4.5 分
Kings County Distillery,酿酒厂,91,5 分
眺望台城堡,城堡,454,4 分
犹太遗产博物馆,专业博物馆,313,4.5 分
帕克街,史迹徒步游区域&区域,381,4.5 分
纽约市立芭蕾舞团,芭蕾舞,334,4.5 分
第42街,史迹徒步游区域&景点与地标,316,4.5 分
Love Sculpture,景点与地标,550,4 分
Columbus Circle,喷泉&纪念碑与雕像&区域,269,4 分
萨克斯第五大道,百货商场,467,4 分
联邦厅,建筑物&历史景点,326,4 分
灯塔剧院,剧院,284,4.5 分
华尔街公牛,纪念碑与雕像,1549,3.5 分
Sea Glass Carousel,景点与地标,178,4.5 分
布鲁明戴尔百货店,百货商场,727,4 分
南街海港,史迹徒步游区域&历史博物馆&大型购物中心,786,4 分
Minskoff剧院,剧院,169,4.5 分
上东部,区域,218,4.5 分
舒伯特剧院,剧院,186,4.5 分
时代广场教会,教堂与大教堂,158,4.5 分
Friends Building,景点与地标,235,4 分
Ripley's Believe It or Not - Times Square,专业博物馆,940,3.5 分
海登天文馆,天文台与天文馆,357,4.5 分
商人之家博物馆,历史博物馆,213,4.5 分
World Trade Center's Liberty Park,公园,60,5 分
犹太人博物馆,专业博物馆,351,4.5 分
崔恩堡公园,公园,143,4.5 分
斯通街遗迹区,景点与地标,143,4.5 分
格兰特将军国家纪念堂,历史景点&纪念碑与雕像&墓地&景点与地标,238,4 分
纽约证券交易所,建筑物&景点与地标,449,3.5 分
翠贝卡,区域,256,4.5 分
Rockefeller Center Christmas Tree,文化活动,84,4.5 分
尼尔・西蒙剧院,剧院,209,4.5 分
川普大楼,观察台与观景塔&景点与地标,729,3.5 分
唐人街,区域,3300,3.5 分
西奥多・罗斯福诞生地,公园&历史博物馆&历史景点&纪念碑与雕像,159,4.5 分
Stephen Sondheim Theatre,剧院,96,4.5 分
宾夕法尼亚车站,景点与地标&公共交通系统,1249,3.5 分
World Trade Center Station (PATH),建筑物,64,4.5 分
Studio 54,剧院,209,4.5 分
纽约消防博物馆,桥梁&儿童博物馆&专业博物馆,196,4.5 分
The Met Breuer,艺术博物馆,181,4.5 分
外百老汇新世纪舞台,剧院,227,4.5 分
Bethel Gospel Assembly,教堂与大教堂,247,4.5 分
皇后区大桥,桥梁,217,4 分
爱尔兰饥荒纪念碑,历史景点,173,4.5 分
Westfield World Trade Center,大型购物中心,103,4.5 分
发现时代广场,专业博物馆,838,3.5 分
时装技术学院,专业博物馆,170,4.5 分
圣派翠克大教堂,建筑物&圣地与宗教景点,184,4.5 分
纽约市政厅公园旅客信息中心,政府建筑&游客中心,168,4 分
贾维茨会议中心,会议与会展中心,258,4 分
The Dakota,建筑物&历史景点,335,4 分
法兰西斯客栈博物馆,建筑物&历史景点&历史博物馆,137,4.5 分
纽约港,水域,184,4.5 分
艺术和设计博物馆,艺术博物馆&专业博物馆,367,4 分
乔治・华盛顿桥,桥梁,334,4 分
沃尔曼滑冰场,综合运动场,276,4 分
帝国剧院,剧院,327,4.5 分
威廉斯堡大桥,桥梁,138,4.5 分
纽约联邦储备银行,建筑物&历史博物馆,236,4 分
先驱广场,景点与地标,204,4 分
皇宫戏院,剧院,158,4.5 分
哈密尔顿农庄国家纪念碑,历史景点&国家公园&景点与地标,132,4.5 分
理查・罗杰斯剧院,剧院,181,4 分
哥伦布环购物区,大型购物中心,280,4 分
Jacqueline Kennedy Onassis Reservoir,水域,112,4.5 分
梅西感恩节大游行,文化活动,74,4.5 分
时代华纳中心,景点与地标&建筑物,251,4 分
Lyric Theatre,剧院,113,4.5 分
国宾剧院,剧院,228,4 分
Franklin D. Roosevelt Four Freedoms Park,公园,130,4.5 分
兰心大戏院,剧院,137,4 分
阿勒贡金酒店,建筑物&历史景点,176,4 分
朗艾克剧院,剧院,118,4.5 分
侯爵剧场,剧院,128,4.5 分
时代广场剧场,剧院,136,4.5 分
韩国城,区域,136,4 分
河畔教堂,圣地与宗教景点&观察台与观景塔,122,4.5 分
Cadillac Winter Garden剧院,剧院,126,4.5 分
艾尔赫施菲德剧院,剧院,134,4.5 分
数学博物馆,专业博物馆,268,3.5 分
Gerald Schoenfeld Theatre,剧院,123,4.5 分
木球草地,公园,181,4 分
炮台公园市洛克菲勒公园,公园,108,4.5 分
切尔西码头,游客中心&综合运动场&景点与地标,198,4 分
PATH,公共交通系统,72,4.5 分
非裔公墓国家纪念碑,历史景点&纪念碑与雕像,112,4.5 分
下东部,区域,134,4.5 分
St. James Theater,剧院,140,4 分
朗特方谭剧院,剧院,124,4.5 分
Trinity Church Cemetery & Mausoleum,墓地,62,4.5 分
New York City Hall,建筑物&政府建筑&历史景点,75,4 分
莎士比亚公园,花园,85,4.5 分
曼哈顿儿童博物馆,儿童博物馆,220,4 分
埃塞尔巴利摩剧院,剧院,114,4.5 分
Museum of the American Gangster,专业博物馆,98,4 分
Lord & Taylor百货商场,百货商场,188,4.5 分
East Village,区域,96,4.5 分
大地球仪,景点与地标,93,4.5 分
倪德伦剧院,剧院,82,4.5 分
杜菲广场,史迹徒步游区域&区域,79,4.5 分
美国金融博物馆,历史博物馆&专业博物馆,139,4 分
Kinokuniya Book Stores of America,景点与地标,72,4.5 分
City Hall Park,公园,64,4 分
Godiva Chocolatier,其他餐饮,65,4.5 分
人D奥妙展,专业博物馆,146,4.5 分
圣巴索罗谬教堂,圣地与宗教景点,71,4.5 分
Washington Square Arch,历史景点&纪念碑与雕像&景点与地标,64,4 分
纽约大学,教育机构,85,4 分
西班牙美术馆,专业博物馆,95,4.5 分
Hans Christian Andersen Statue,纪念碑与雕像&景点与地标,59,4.5 分
美洲华人博物馆,专业博物馆,85,4.5 分
Alleva Dairy,景点与地标,64,4.5 分
佩雷公园,公园,55,4.5 分
H&M专卖店,百货商场,210,4 分
格拉梅西公园,公园&州立公园,78,4.5 分
Morris-Jumel大厦,专业博物馆,79,4 分
古埃及方尖碑,纪念碑与雕像,80,4 分
Seventh Avenue,建筑物&景观步行区&景点与地标,60,4 分
GhostBusters Firestation,景点与地标,256,4 分
乔伊斯剧院,剧院,77,5 分
尤金・奥尼尔剧场,剧院,150,4 分
纽约表演艺术公共图书馆,教育机构&图书馆,59,4.5 分
美国芭蕾舞剧团,芭蕾舞,83,4.5 分
约瑟夫帕普公共剧院,剧院,71,4.5 分
早安美国城,景点与地标,99,4 分
百老汇贝拉斯科剧院,剧院,113,4.5 分
布鲁克斯亚金森剧院,剧院,50,4.5 分
切尔莎跳蚤市场,跳蚤市场与街边市场,87,4 分
美国民俗博物馆,艺术博物馆,157,4 分
约新当代艺术博物馆,艺术博物馆,246,3.5 分
博物馆路,史迹徒步游区域,47,4.5 分
音乐盒剧院,剧院,65,4.5 分
卡尔舒茨公园,公园,72,4.5 分
中央公园文学路,史迹徒步游区域,58,4.5 分
Westside Theatre,剧院,66,4.5 分
爱德・苏利文剧院,剧院&景点与地标,75,4 分
奥古斯特・威尔逊剧院,剧院,105,4 分
克林顿城堡国家纪念馆,纪念碑与雕像,137,3.5 分
Hope Sculpture,景点与地标,57,4 分
FDNY Memorial Wall,纪念碑与雕像&景点与地标,53,4.5 分
Modell's商场,百货商场,53,4.5 分
Houdini Museum of New York at Fantasma Magic,专业博物馆,51,4.5 分
格雷斯教堂,圣地与宗教景点,56,4.5 分
Hudson River Greenway,自行车越野赛,43,4.5 分
通用电气大楼,建筑物,70,4.5 分
美国海关局,建筑物&景点与地标,48,4.5 分
Bernard B. Jacobs Theatre,剧院,40,4.5 分
中城剧院,剧院,65,4.5 分
Artists & Fleas at Chelsea Market,跳蚤市场与街边市场,44,4.5 分
Greeley Square Park,公园,82,4 分
巴尼百货公司,百货商场,98,4 分
Broadhurst Theatre,剧院,102,4 分
哈莱姆画室博物馆,艺术博物馆,64,4 分
沃尔特克尔剧院,剧院,114,4 分
Conservatory Water,水域,45,4 分
以马内利会堂,圣地与宗教景点,40,4.5 分
Cort Theatre,剧院,116,4 分
New York City Supreme Court,景点与地标,54,4 分
FDNY Fire Zone,教育机构,67,4 分
华盛顿广场十九号,教育机构&历史景点,46,4.5 分
莫尔公园,史迹徒步游区域&公园,42,4.5 分
哥伦布公园,公园,65,4 分
百思买剧院,剧院,63,4.5 分
Fulton Center,建筑物&景点与地标,46,4 分
市政大楼,政府建筑,75,4 分
曼哈顿购物中心,大型购物中心,211,3.5 分
大都会人寿大厦,建筑物,76,4 分
博兹剧院,剧院,85,4 分
特威德法院,建筑物&政府建筑,59,4 分
邮政总局,历史景点,89,4 分
Balto Statue,纪念碑与雕像,41,4 分
罗丝地球环境科学中心,建筑物&天文台与天文馆,72,4.5 分
伊莉沙白大道,景点与地标,32,4.5 分
圣玛丽教堂,建筑物&圣地与宗教景点,60,4.5 分
ABC家居商店,百货商场,88,4.5 分
Pier 17,码头与栈道,138,3.5 分
玻璃花房,花园,46,4 分
Obscura Antiques & Oddities,古董店,72,4 分
美国插话博物馆,专业博物馆,42,4.5 分
Bethesda Terrace,建筑物,26,4.5 分
儿童艺术博物馆,儿童博物馆,52,4.5 分
戴拉寇特剧院,剧院,46,4.5 分
Greenacre Pocket Park,公园,28,5 分
国际摄影中心,艺术博物馆&专业博物馆,175,4 分
亚洲协会博物馆,艺术博物馆,51,4.5 分
Wollman Rink,综合运动场,52,4 分
朱莉亚音乐学院,大学与学院,49,4.5 分
Essex Street Market,跳蚤市场与街边市场,37,4.5 分
晨曦公园,公园,41,4 分
爱尔兰剧院,剧院,44,4.5 分
First Corinthian Baptist Church,教堂与大教堂,143,4 分
纽约市刑事法庭,政府建筑,56,4 分
Greater Refuge Temple,教堂与大教堂,27,4.5 分
汤普金斯广场公园,公园,58,4 分
大乘寺,圣地与宗教景点,71,3.5 分
The Art of the Brick by Nathan Sawaya,景点与地标,46,4.5 分
The Pershing Square Signature Center,剧院,42,4.5 分
摩天大楼博物馆,教育机构&历史博物馆&专业博物馆,149,3.5 分
跳蚤市场,跳蚤市场与街边市场,159,3.5 分
John V. Lindsay East River Park,公园,35,4.5 分
Heckscher Playground,运动场,30,4.5 分
林肯广场,区域,44,4.5 分
Helmsley Building,建筑物&景点与地标,27,4.5 分
都铎市,区域,52,4 分
弗农山酒店博物馆&公园,历史景点&历史博物馆,46,4.5 分
尼古拉斯・罗利其博物馆,艺术博物馆,33,5 分
新闻大楼,建筑物,37,4 分
市政厅,剧院&景点与地标,55,4 分
St. Peter's Church,教堂与大教堂,35,4 分
红色立方体,景点与地标,57,4 分
Hudson Theatre,剧院,19,4.5 分
Hearst Tower,观察台与观景塔&景点与地标,33,4.5 分
The High Bridge,桥梁&历史景点&史迹徒步游区域&景观步行区&景点与地标,34,4 分
David Geffen Hall,剧院,21,4.5 分
纽约公园大道军械库,会议与会展中心,49,4.5 分
奥纳西思文化中心,艺术博物馆&专业博物馆,20,5 分
海峡庭园,花园,28,4.5 分
纽约水道,轮渡,107,3.5 分
雪丽兰剧场,剧院,32,4.5 分
59E59 Theaters,剧院,31,4.5 分
Urbanspace - Broadway Bites,跳蚤市场与街边市场,20,4.5 分
Central Synagogue,景点与地标,33,4.5 分
越南退伍军人广场,历史景点&史迹徒步游区域&纪念碑与雕像,56,4 分
Zuccotti Park,公园&景点与地标,36,4 分
34th Street,区域,39,4 分
布鲁克林货柜创意市集,跳蚤市场与街边市场,28,4 分
The Armory (Track),综合运动场&竞技场与体育馆&会议与会展中心,25,4.5 分
American Merchant Marines Memorial,纪念碑与雕像,30,4.5 分
维多利亚花园,主题公园,47,4 分
Pier 45,码头与栈道&景点与地标,28,4.5 分
Arthur Ashe Stadium,竞技场与体育馆,15,4.5 分
新胜利剧院,剧院,33,4.5 分
Pier 66 Maritime,游轮&景点与地标,30,4 分
Barrow Street Theatre,剧院,22,4.5 分
瑞典木偶剧院,剧院,29,4.5 分
The Sphere,纪念碑与雕像,29,4 分
曼哈顿戏剧俱乐部,剧院,31,4.5 分
海伦・海斯剧院,剧院,53,4 分
纽约修道院大街浸信会,景点与地标&教堂与大教堂,22,5 分
The Davenport Theatre,剧院,21,4.5 分
帕雷媒体中心,专业博物馆,55,4 分
万圣节大游行,文化活动,25,4.5 分
大都会人寿保险公司大楼,建筑物,24,4 分
西格拉姆大厦,建筑物,32,4 分
Church of St. Francis of Assisi,教堂与大教堂,19,4.5 分
小红灯塔,灯塔,34,4 分
纽约游艇俱乐部,码头与栈道,19,4.5 分
兰德尔岛,公园,39,4 分
曼哈顿环岛骑,自行车越野赛,26,4.5 分
Easter Parade,其他,31,4.5 分
Tom's Diner,景点与地标,67,3.5 分
南衡海港博物馆,专业博物馆,59,4 分
洛克威斯住宅区,区域,23,4.5 分
性博物馆,专业博物馆,830,3 分
The Pond,水域,14,4.5 分
伍德山公园,公园,22,4.5 分
美国标准大厦,建筑物,20,4.5 分
Ghostbusters Building,景点与地标,32,4 分
The Jefferson Market Garden,花园,23,4.5 分
Antioch Baptist Church New York,圣地与宗教景点,37,4 分
Sixth Avenue (Avenue of the Americas),景观步行区&景点与地标,16,4 分
波多黎克博物馆,艺术博物馆,57,3.5 分
重回福科斯伍德剧院,剧院,47,4.5 分
绿跳蚤旧货市场,跳蚤市场与街边市场,52,4 分
阿斯提宫剧院,剧院,29,4 分
宝立,区域,34,4 分
Holographic Studios,景点与地标,16,5 分
Jose de San Martin Statue,纪念碑与雕像,21,4 分
Nuyorican Poet's Cafe,剧院,31,4 分
Schaller & Weber,其他餐饮,19,5 分
河边车道,史迹徒步游区域&景点与地标,21,4.5 分
苏富比,美术馆,20,4.5 分
Ben & Jerry's Times Square,其他餐饮,27,4.5 分
Lincoln Tunnel,桥梁,36,3.5 分
市长官邸格雷西公寓,历史景点,36,4 分
Grand Masonic Lodge of New York,建筑物&历史景点,14,5 分
Peace Fountain - Friedensbrunnen,喷泉,20,4.5 分
The Players Theatre,剧院,30,4 分
珍珠河,百货商场,44,4 分
黑街,区域,25,4 分
阿比西尼亚浸信会教堂,圣地与宗教景点,234,3 分
The Hunger Games Exhibition,专业博物馆,24,4.5 分
Church of St. Paul the Apostle,圣地与宗教景点&教堂与大教堂,16,4.5 分
David H. Koch Theater,剧院,15,4.5 分
NYC Ferry,轮渡,16,4.5 分
Metropolitan Transportation Authority,公共交通系统,24,4 分
巴里摩尔剧院,建筑物&剧院,34,4 分
Ladies Pavilion,景点与地标,21,4.5 分
克里斯多福公园,公园,25,4 分
Elektra Theatre,剧院,29,4 分
纽约市旅游会展局官方游客信息中心,游客中心,47,4 分
Hell's Kitchen & Clinton Dog Run,公园,22,4 分
变容教堂,圣地与宗教景点,17,4.5 分
Bow Bridge,桥梁&景点与地标,12,4.5 分
斯堪的纳维亚博物馆,专业博物馆,24,4 分
国家设计学院博物馆,专业博物馆,24,4.5 分
纽约亚高洛画廊,美术馆,18,4.5 分
杰弗森市场图书馆,图书馆,23,4 分
Saint Paul Chapel,建筑物&教堂与大教堂,17,4 分
New York International Auto Show,展览,17,4 分
The Rambles酒吧,花园&公园,16,4.5 分
加戈施安美术馆,美术馆,22,4.5 分
Chelsea酒店,建筑物&历史景点,33,3.5 分
Frank Gehry Building,景点与地标,18,4 分
Leslie-Lohman Museum of Gay and Lesbian Art,专业博物馆,19,4 分
A.M.E.锡安妈妈教堂,建筑物&圣地与宗教景点&教堂与大教堂,27,4 分
Institute for the Study of the Ancient World,历史博物馆,18,5 分
The Discovery of King Tut,专业博物馆,19,4.5 分
The Church of St. Ignatius Loyola,教堂与大教堂,14,5 分
都德市绿地,公园,18,4.5 分
Times Square Museum and Visitor Center,游客中心,32,4 分
纽约圣经艺术博物馆,艺术博物馆,29,4 分
日本协会,专业博物馆,21,4.5 分
New York Transit Museum,专业博物馆,19,4 分
尚博格黑人文化研究中心,教育机构&图书馆,18,4.5 分
萨顿公园,公园,17,5 分
Trip to Bountiful,景点与地标,27,4.5 分
纽约土地室,景点与地标,30,4 分
Vivian Beaumont Theatre,剧院,21,4.5 分
玛希斯・卡瑞纪念公园,运动场&公园,25,3.5 分
小舒伯特剧院,剧院,24,4.5 分
The Kneeling Fireman,纪念碑与雕像&景点与地标,11,4.5 分
Anne Frank Center for Mutual Respect,专业博物馆,18,4.5 分
大理石教堂,教堂与大教堂,20,4.5 分
New York Comic-Con,文化活动,13,4.5 分
地下生活,纪念碑与雕像,22,4 分
奥查德大街,景点与地标,25,3.5 分
American Express 11 Tears Memorial,其他,13,4.5 分
St. Patrick’s Day Parade New York City,文化活动,15,4.5 分
Library Way,图书馆&景点与地标,11,4.5 分
Wagner Cove,景观步行区,11,4.5 分
纽约时代广场新年倒计时,文化活动,37,3.5 分
Italian American Museum,专业博物馆,14,4.5 分
GemsNY,厂家直营店,10,5 分
Roosevelt Island Historical Society Visitor Center Kiosk,游客中心,13,4.5 分
圣女西顿,圣地与宗教景点,18,4 分
孔子塑像,纪念碑与雕像,30,3.5 分
库柏联盟大楼,建筑物&历史景点,16,4 分
Magnet Theater,剧院,15,4.5 分
Monumento a Cristobal Colon,纪念碑与雕像,14,4 分
奥芬大剧院,剧院,18,4 分
Dag-Hammarskjold Plaza Greenmarket,农贸市场,11,4.5 分
国家艺术俱乐部,美术馆&建筑物,13,5 分
卡内基丘,区域,13,4.5 分
乌克兰博物馆,专业博物馆,18,4 分
圣米迦勒教堂,圣地与宗教景点&教堂与大教堂,16,4 分
Metro Pictures画廊,美术馆,16,4 分
迪克曼农庄博物馆,历史景点,22,4 分
New York Public Library - Bloomingdale Library,图书馆,10,5 分
Theatre At St. Clement's,剧院,15,4.5 分
路西尔・洛特尔剧院,剧院,16,4.5 分
The Episcopal Church of The Heavenly Rest,教堂与大教堂,13,4 分
Theodore Roosevelt Park,公园,17,3.5 分
Fifth Avenue Presbiterian Church,教堂与大教堂,11,4 分
The Appel Room,剧院,8,5 分
Fred F. French Building,建筑物,12,4 分
贾德基金,专业博物馆,11,4.5 分
Salem United Methodist Church,教堂与大教堂,10,4.5 分
诗人之家,图书馆,11,4.5 分
马尔科勒姆・夏巴斯・哈莱姆市场,跳蚤市场与街边市场,38,3.5 分
Church of Saint Vincent Ferrer,教堂与大教堂,8,5 分
Governors Island,岛屿,6,5 分
圣詹姆斯剧院,剧院,12,4.5 分
百老汇大扫把,剧院,24,4 分
Alice Tully Hall,剧院,8,4.5 分
剧作家视野剧院,剧院,17,4 分
Alexander Hamilton Statue,纪念碑与雕像,13,4 分
Group of Bears Statue,纪念碑与雕像,12,4 分
Titanic Memorial Park,灯塔&纪念碑与雕像&景点与地标,19,4 分
This is Our Youth - Cort Theatre,剧院,18,4 分
包厘街圣马可教堂,圣地与宗教景点,11,4 分
大卫・左纳艺术画廊,美术馆,11,4.5 分
St. John the Baptist Church,教堂与大教堂,11,4.5 分
Cadillac House,景点与地标,7,4.5 分
福特基金会大楼,建筑物,14,4 分
John Jay Park,公园,10,4.5 分
哥伦比亚广播公司大厦,景点与地标,19,3.5 分
Vivian Beaumont Theater - Macbeth,剧院,15,4 分
Daryl Roth Theatre,剧院,11,4.5 分
Aqueduct跑马道,赛马场,30,3.5 分
献给美国的瓷砖画,美术馆&史迹徒步游区域,10,5 分
纽约联合广场剧院,剧院,18,4 分
Second Avenue Subway,公共交通系统,9,4.5 分
多伦多圣三一教堂,教堂与大教堂,11,4.5 分
Madison Square Park,公园,8,4.5 分
犹太历史中心,历史博物馆,12,4.5 分
Foley Square,纪念碑与雕像&景点与地标,12,4 分
哈林湖,水域,11,4.5 分
Minetta Lane Theatre,剧院,11,4.5 分
T.J. Maxx,百货商场,17,3.5 分
Highbridge Park,运动场&公园&徒步越野赛,11,4.5 分
East River Waterfront Esplanade,自行车越野赛&徒步越野赛,7,5 分
劳拉・佩尔斯剧院,剧院,9,4.5 分
United Palace,景点与地标,13,4.5 分
William Jenkins Worth Monument,纪念碑与雕像,13,4 分
Robert F. Kennedy Bridge,桥梁&景点与地标,16,3.5 分
The National Jazz Museum in Harlem,专业博物馆,9,4.5 分
哈德逊街,景点与地标,16,4 分
纽约大学斯哥尔柏表演艺术中心,剧院,9,4.5 分
Fantasy Forest Amusement Park at the Flushing Meadows Carousel,主题公园,10,4 分
Elmendorf Reformed Church,教堂与大教堂,8,5 分
Aperture Foundation Gallery,景点与地标,8,5 分
哈利特自然保护区,花园&自然与野生动物区,10,4.5 分
第二舞台剧院,剧院,15,4 分
圣卢克宫,建筑物&历史景点,8,4.5 分
Silverstein Family Park,公园,10,4 分
奋斗者街,历史景点&区域,10,4 分
莫肯演奏厅,交响乐,8,4.5 分
The Lowline Lab,花园,12,4 分
St. Nicholas Park,公园,9,4.5 分
Salmagundi美国艺术博物馆,美术馆,8,4.5 分
Statue of Lenin,纪念碑与雕像&景点与地标,9,4 分
Soldiers' and Sailors Monument New York,纪念碑与雕像&景点与地标,10,4 分
Mt Olivet Baptist Church,教堂与大教堂,17,4 分
St. Luke's Theatre,剧院,8,4 分
Ralph Bunche Park,公园,11,3.5 分
Diamond District,景点与地标,13,3.5 分
Banksy's "Hammer Boy",美术馆,6,4.5 分
贞德纪念碑,纪念碑与雕像,8,4.5 分
基督教堂,圣地与宗教景点&教堂与大教堂,10,4 分
Literary Walk,景观步行区&景点与地标,6,4.5 分
St. Jean Baptiste Roman Catholic Church,教堂与大教堂,6,5 分
纽约清真寺,圣地与宗教景点,8,5 分
King Jagiello Monument,纪念碑与雕像,14,3 分
Rose Theater,剧院,6,5 分
World Trade Center Transportation Hub,景点与地标,7,4.5 分
Sheen Center,剧院,5,5 分
Electric Zoo,音乐节,5,5 分
The Garden at St. Lukes in the Fields,花园,7,4.5 分
Sara D Roosevelt Park,公园,9,4 分
拉玛玛剧团,剧院,8,4.5 分
英伍德公园,公园,10,4.5 分
纽约体验剧院,剧院,13,4 分
75 1/2 Bedford Street,建筑物,10,4 分
The High Line Park,景点与地标&公园,5,4.5 分
奥地利文化论坛,建筑物&市政中心,7,4.5 分
St Andrew Church,教堂与大教堂,9,4 分
花旗集团中心,景点与地标,13,3 分
The Immigrants,景点与地标&纪念碑与雕像,8,3.5 分
纽约市立歌剧院,戏剧,12,4 分
中国研究所,美术馆,7,4 分
石楠花园,花园,7,4.5 分
Castle Williams,城堡,8,4 分
圣尼古拉斯俄罗斯东正教教堂,教堂与大教堂,7,4.5 分
克里斯朵夫大街51-53酒吧,历史景点,15,3.5 分
游吟诗人毕业生中心画廊,美术馆,7,4.5 分
Gapstow Bridge,桥梁,6,4 分
艾沙姆公园,公园,6,4.5 分
New York Society Library,图书馆,7,4.5 分
Gotham Carriages,景点与地标,10,4 分
More and More Antiques,古董店,6,4.5 分
The New Theater at 45th Street - Around the World in 80 Days,剧院,8,4.5 分
The Museum of Interesting Things,历史博物馆&科学博物馆,6,5 分
Church of Saint Agnes,教堂与大教堂,8,4 分
Tribeca Art Factory,美术馆,5,5 分
Lilac Gallery,美术馆,5,5 分
The Showplace,大型购物中心,6,4 分
Mint Theater Company,剧院,9,4.5 分
纽豪斯剧场,剧院,5,5 分
6 1/2 Avenue,景观步行区&景点与地标,8,4 分
Theatre 80 Saint Marks,剧院,8,4.5 分
Jean Dubuffet - Group of Four Trees,景点与地标,11,3.5 分
新城剧院,剧院,7,4.5 分
发现哥伦布,艺术博物馆,6,5 分
The Pearl Theatre,剧院,7,4 分
Shiloh Baptist Church,教堂与大教堂,5,4.5 分
美国爱尔兰历史协会,历史博物馆,9,4 分
Saint Peter’s Church,教堂与大教堂,8,4 分
贝雷斯福德,建筑物,8,4 分
Sniffen Court Historic District,历史景点,6,4.5 分
多恩公园,公园,7,4.5 分
葡萄园剧院,剧院,5,5 分
舒乐堡航海业博物馆,历史景点&专业博物馆,5,5 分
第一大通曼哈顿广场,建筑物,7,4 分
St. Vartan Armenian Cathedral,教堂与大教堂,8,4.5 分
Ukrainian Institute of America,专业博物馆,5,4 分
Grolier Club,图书馆,5,4.5 分
Turtle Pond,水域,5,4.5 分
Kirk Theatre,剧院,11,4 分
Fulton水产市场,跳蚤市场与街边市场,7,4 分
纽约歌剧院,戏剧,6,4.5 分
Ancient Playground,运动场&公园,5,4.5 分
想像力公园,运动场,8,4 分
华盛顿广场七号,历史景点,7,4 分
Kehila Kedosha Janina,圣地与宗教景点&专业博物馆,5,5 分
William Cullen Bryant Statue,纪念碑与雕像,6,4 分
The San Remo,建筑物&景点与地标,4,5 分
Church of Our Lady of Mount Carmel,教堂与大教堂,4,5 分
第26街跳蚤市场,跳蚤市场与街边市场,12,3.5 分
Stephen A. Schwarzman Building,建筑物,6,4.5 分
De Witt Clinton Park,公园,5,4 分
Liz Christy Bowery Houston Community Garden,花园,6,4 分
Church of Our Lady of Guadalupe,圣地与宗教景点&教堂与大教堂,8,3.5 分
Irish Arts Center,景点与地标,5,4.5 分
中央公园比利・约翰森游乐场,运动场,11,3.5 分
The Paul Nicklen Gallery,美术馆,3,5 分
Saint Sava Serbian Orthodox Cathedral,教堂与大教堂,8,4 分
George M. Cohan Statue,纪念碑与雕像,6,4 分
河岸州立公园,综合运动场,6,4 分
Museum of Reclaimed Urban Space (MoRUS),专业博物馆,7,4.5 分
Joey Ramone Place,景点与地标,5,4 分
Larry's Freewheeling,自行车越野赛,7,4 分
The Renee and Chaim Gross Foundation,专业博物馆,4,5 分
New York Classical Theatre,剧院,4,5 分
凯利庙,圣地与宗教景点,4,5 分
Lasker Rink and Pool,综合运动场,10,3.5 分
Shrine of Frances Xavier Cabrini,圣地与宗教景点,5,4.5 分
I Heart Radio Theater,剧院,4,5 分
救主堂,圣地与宗教景点,12,3.5 分
St. Francis de Sales Church,教堂与大教堂,4,4.5 分
P.S. 183古玩跳蚤集市,跳蚤市场与街边市场,9,3.5 分
特莱亚德剧院,剧院,8,4 分
The Lotus Garden,花园,4,5 分
美国移民荣誉墙,纪念碑与雕像,4,4.5 分
Tada! 剧院,剧院,4,4.5 分
Dave's New york,厂家直营店,3,5 分
Tribeca Film Festival,文化活动,3,5 分
Graffiti Hall of Fame,景点与地标,5,4 分
Stonewall National Monument,景点与地标&史迹徒步游区域,6,4 分
Firemen's Memorial,纪念碑与雕像,4,4.5 分
53rd Street Public Library,建筑物&政府建筑,4,4.5 分
Giuseppe Verdi Monument,纪念碑与雕像,4,4.5 分
Katharine Hepburn Garden,景点与地标,3,4.5 分
Cunard Building,建筑物&景点与地标,4,4 分
New York Buddhist Church,教堂与大教堂,3,4.5 分
利华大厦,艺术博物馆,6,4 分
蛋糕店,剧院,5,4.5 分
Bartman Statue,纪念碑与雕像,4,4.5 分
Our Lady of Pompeii,圣地与宗教景点&历史景点&教堂与大教堂,5,4 分
纽约州长舞会音乐节,音乐节,4,4.5 分
Kerr Theater Forever Tango,剧院,5,4 分
Church of the Ascension,教堂与大教堂,3,4.5 分
Ninth Avenue International Food Festival,美食节,4,4.5 分
Canaan Baptist Church of Christ,教堂与大教堂,12,3.5 分
IGT Jewelry Shopping Mall,大型购物中心,3,5 分
Hauser & Wirth,美术馆,3,5 分
Seidenberg Antiques,美术馆&古董店,3,5 分
Bruce Reynold’s Garden,花园,3,5 分
Lik Soho,美术馆,3,5 分
Momenta艺术画廊,美术馆,3,5 分
基督圣体堂,圣地与宗教景点,3,5 分
警察学校博物馆,专业博物馆,3,5 分
狄卡波歌剧院,剧院,3,5 分
格雷艺廊,美术馆,4,5 分
The Ansonia,建筑物&景点与地标,4,4 分
Peter Detmold Park,公园,3,4.5 分
斯佩罗韦斯特沃特,美术馆,3,4.5 分
Museum of Comic and Cartoon Art MOCCA NYC,艺术博物馆,13,3 分
Asphalt Green,运动营与医疗站,7,4.5 分
Bleecker Street Playground,运动场,4,4 分
跳蚤,剧院,3,4.5 分
米勒剧院,交响乐,3,4.5 分
皇家剧院,剧院,4,4.5 分
Queen of Greene街,建筑物&历史景点,5,4 分
Caywood Vineyards,酿酒厂与葡萄园,8,3.5 分
East River Roundabout,神秘地带&纪念碑与雕像,4,4 分
Church of the Incarnation,教堂与大教堂,5,4 分
Ebenezer Gospel Tabernacle,教堂与大教堂,7,4 分
切尔西艺术博物馆,艺术博物馆,3,4.5 分
Mmuseumm,景点与地标,2,5 分
The National September 11 Memorial & Museum,纪念碑与雕像&景点与地标,2,5 分
Frantiques Gallery,美术馆,2,5 分
Greater Zion Hill Baptist Church,教堂与大教堂,2,5 分
Pier 54,码头与栈道,7,3.5 分
Dana Discovery Center,教育机构,3,4 分
马修・马克斯画廊,美术馆,3,3.5 分
Rohrbachs Railroad Street Brewery,啤酒厂,3,4.5 分
Hell Gate Bridge,桥梁&历史景点,3,4.5 分
Midtown Theater,剧院,3,4.5 分
Greenwich Village,区域&景点与地标,3,4.5 分
纽约艺术学生联盟,美术馆,6,3.5 分
Brooklyn Municipal Building,政府建筑,3,4.5 分
Holy Cross Church,教堂与大教堂,5,3.5 分
St. Joseph's Church in Greenwich Village,圣地与宗教景点&历史景点&教堂与大教堂,3,4 分
Doris C. Freedman Plaza,景观步行区,2,5 分
The Center for Book Arts,美术馆,2,5 分
Graybar Electric Building (Graybar Rats),建筑物,2,5 分
The Playroom NYC,运动场,2,5 分
Machpelah Cemetery site of Houdini's grave,墓地&圣地与宗教景点&纪念碑与雕像,2,5 分
The Gym at Judson,剧院,2,5 分
Church of St Charles Borromeo,教堂与大教堂,2,5 分
Cathedral Church of St. Thomas the Apostle,教堂与大教堂,2,5 分
新阿姆斯特丹市场,跳蚤市场与街边市场,2,5 分
Paine Webber画廊,美术馆,2,5 分
芭芭拉・格拉德斯通美术馆,美术馆,2,5 分
霍华德S.露丝画廊,美术馆,2,5 分
水手施洗教堂,历史景点,2,5 分
威廉二世美术馆,美术馆,2,5 分
Nice Price/SSS Sample Sale特价商店,厂家直营店,2,5 分
兰斯顿・休斯的家,历史景点,2,4.5 分
Verdi Square,景观步行区,4,3.5 分
非洲艺术博物馆,专业博物馆,3,4.5 分
素描中心,美术馆,4,4 分
纽约地底博物馆,古迹&历史景点,3,4.5 分
Dante Park,公园,3,4 分
DiMenna Children's History Museum,儿童博物馆,8,4 分
Masjid Malcolm Shabazz清真寺,圣地与宗教景点&教堂与大教堂,4,3.5 分
Anderson Cooper Tv Show,剧院,3,4.5 分
Carvel,其他餐饮,3,4.5 分
叶史瓦大学博物馆,专业博物馆,3,4.5 分
Holy Trinity Greek Orthodox Cathedral,教堂与大教堂,3,4.5 分
Liberty Theater,剧院,3,4.5 分
East 72nd Street Playground,运动场,2,4.5 分
Liddabit Sweets,其他餐饮,7,3.5 分
John Street United Methodist Church,教堂与大教堂,3,4.5 分
佩斯・韦登斯坦恩画廊,美术馆,4,3.5 分
Wards Island Park,公园,2,4.5 分
Kimlau Square,公园,6,3.5 分
Alex Adam Gallery,美术馆,2,4.5 分
Korean War Veterans Memorial,纪念碑与雕像,2,4.5 分
New Era Factory Outlet Inc.,厂家直营店,2,4.5 分
圆顶教堂,教堂与大教堂,2,4 分
Franklin Bowles Gallery NYC,景点与地标,3,4.5 分
Taglialatella Galleries,美术馆,2,4.5 分
Howard Greenberg画廊,美术馆,2,4.5 分
海斯特街集市,跳蚤市场与街边市场,25,3 分
Church of The Most Precious Blood,圣地与宗教景点,2,4.5 分
Stiles Farmers Market,农贸市场,2,4.5 分
Spiedie Fest & Balloon Rally,文化活动,2,4.5 分
Owls Head Park,公园,3,4 分
Sherry Lehmann,其他餐饮,2,4.5 分
Pier 34,码头与栈道,3,3.5 分
Dia:Chelsea,艺术博物馆,2,4.5 分
6BC Botanical Garden,花园,2,4.5 分
Sikkema Jenkins Company,景点与地标,2,4 分
National Archives at New York City,图书馆,4,4 分
Episcopal Church Center,教堂与大教堂,2,4 分
SohoPhoto Gallery,美术馆,2,4.5 分
New York Marble Cemetery,墓地,4,3.5 分
Adam Baumgold Gallery,景点与地标,2,4.5 分
纽约会议暨旅游局,游客中心,5,2.5 分
AXA画廊,美术馆,2,4.5 分
小公园,景点与地标,3,4 分
勒隆美术馆,美术馆,2,4.5 分
海勒画廊,美术馆,2,4.5 分
Krause Gallery,美术馆,3,3.5 分
Lady Liberty,纪念碑与雕像,2,4 分
耶德逊纪念教堂,教堂与大教堂,2,4 分
Triumph of the Human Spirit,纪念碑与雕像&公园,3,3.5 分
演员工作室,教育机构,2,4.5 分
马乐伯画廊,美术馆,4,3.5 分
East Village,区域&景点与地标,3,3.5 分
City Cinema 123,剧院,3,3.5 分
Collect Pond Park,公园,3,4 分
Storefront for Art and Architecture,美术馆&专业博物馆,2,4.5 分
Canyon of Heroes,景点与地标,2,4.5 分
St. John Nepomucene,教堂与大教堂,2,4 分
First Park,公园,3,3.5 分
Fearless Girl,景点与地标&纪念碑与雕像,1,5 分
National Park Service - Information Center on Liberty Island,游客中心,1,5 分
4 World Trade Center,建筑物&历史景点&景点与地标,1,5 分
Obelisk,纪念碑与雕像,1,5 分
Double Check,纪念碑与雕像,1,5 分
Moose River Plains Complex,公园,1,5 分
79th Street Boat Basin,游艇码头,1,5 分
Statue of Peter Stuyvesant,纪念碑与雕像,1,5 分
The Paris Theatre,剧院,1,5 分
St. Luke African Methodist Episcopal Church,教堂与大教堂,1,5 分
Convene,会议与会展中心,1,5 分
Main Street Park,公园,1,5 分
Pen and Brush,美术馆,1,5 分
Questroyal Fine Art,美术馆,1,5 分
69th Regiment Armory,历史景点,1,5 分
Kush Fine Art Gallery,美术馆,1,5 分
Harlem School of the Arts,剧院,1,5 分
Webster Library,图书馆,1,5 分
Martayan Lan Antique Maps,美术馆,1,5 分
Carter Burden Gallery,美术馆,1,5 分
Gene Frankel Theater,剧院,1,5 分
St. George Ukrainian Catholic Church,教堂与大教堂,1,5 分
Richard Taittinger Gallery,美术馆,1,5 分
Church of the Covenant,教堂与大教堂,1,5 分
纽约市美酒美食节,美食节,1,5 分
Metropolitan Playhouse,剧院,1,5 分
Roosevlet House,大学与学院,1,5 分
New Century Artists,美术馆,1,5 分
Fredrick Malle,大型购物中心,1,5 分
SUMO,景点与地标,1,5 分
Gray & Davis: Antique and Custom Jewelry,古董店,1,5 分
Theatre Bedlam,剧院,1,5 分
Charles A Dana Discovery Center,专业博物馆,1,5 分
The Northern Dispensary,历史景点&景点与地标,1,5 分
Rubenstein Communications Inc.,景点与地标,1,5 分
联合祈祷会,教堂与大教堂,1,5 分
bialystoker犹太教堂,圣地与宗教景点&历史景点,1,5 分
美洲犹太教神学院,圣地与宗教景点&教育机构,1,5 分
柱廊纽约地标,建筑物,1,5 分
舞蹈剧院工作室,剧院,1,5 分
Paula Cooper画廊,美术馆,1,5 分
米歇尔-茵纳什美术馆,美术馆,1,5 分
埃德温胡克美术馆,美术馆,1,5 分
齐姆和里德艺术画廊,美术馆,1,5 分
ATM画廊,美术馆,1,5 分
邮政局长艺廊,美术馆,1,5 分
路令・奥古斯丁艺术画廊,美术馆,1,5 分
Soho Triad画廊,美术馆,1,5 分
犹太文化儿童美术馆,儿童博物馆,1,5 分
纽约歌德学院,历史博物馆,1,5 分
African-American Wax Museum of Harlem,艺术博物馆&历史博物馆,1,5 分
埃弗雷特儿童探奇乐园,花园,1,5 分
宇宙馆,自然历史博物馆,2,4 分
Dwyer Cultural Center,专业博物馆,2,4.5 分
Lynn Redgrave Theater,剧院,3,3.5 分
Crystal District,区域,3,4 分
City Lore Gallery,美术馆,2,4 分
Union Square Metronome,景点与地标,2,4 分
Logos Bookstore,图书馆,2,4 分
Amersfort Park,公园,2,4 分
Saint Paul Baptist Church,教堂与大教堂,2,4 分
Church of the Intercession,教堂与大教堂,2,4 分
Tudor Grove Playground,运动场,2,4 分
Lumas New York - SoHo画廊,美术馆,3,3.5 分
Rattlestick Playwrights Theater,剧院,2,4 分
名鼠岩,地质构造,3,3.5 分
科尔顿表演艺术中心,剧院,3,3.5 分
Harlem River Greenway,公园,3,3.5 分
The 520 Madison Avenue Berlin Wall,景点与地标,4,3.5 分
Kissena Park,公园,2,3.5 分
Equitable画廊,美术馆,3,3 分
Throgs Neck Bridge,桥梁,2,3.5 分
Eastern States Buddhist Temple of America,圣地与宗教景点,7,2.5 分
Dempsey Theater,剧院,3,3.5 分
普利茅斯剧院,剧院,2,3.5 分
美国纽约蒙沙瑞画廊,美术馆,2,4 分
Leica Photographic Gallery,美术馆,3,3.5 分
纽约电话公司大楼,建筑物,2,3.5 分
CIMA - Center for Italian Modern Art,专业博物馆,2,5 分
AFA Gallery,艺术博物馆,5,4 分
Able Fine Art,美术馆,1,4 分
Allouche Gallery,美术馆,1,4 分
Polish King Wladyslaw Jagiello Statue,纪念碑与雕像,1,4 分
Governors Island National Monument,景点与地标,1,4 分
Theatre Row,剧院,1,4 分
Church of Saint Joseph of the Holy Family,教堂与大教堂,1,4 分
Washington Mews,景点与地标,1,4 分
Amster Yard,景点与地标,1,4 分
Eighteen Mile Creek,水域,1,4 分
General Worth Square,史迹徒步游区域&景观步行区,1,4 分
Van Der Plas Gallery,美术馆,1,4 分
Kew Gardens Hills,区域&景点与地标,1,4 分
Immigrant Building,政府建筑&建筑物&景点与地标,1,4 分
Theater District Shopping Court,区域&跳蚤市场与街边市场,1,4 分
Manhattan Night Court,政府建筑,1,4 分
DeLury Square,公园,1,4 分
First Chinese Presbyterian Church of New York City,建筑物&景点与地标&教堂与大教堂,1,4 分
City Hall Library,图书馆,1,4 分
The Arsenal,历史景点&景点与地标,1,4 分
Wards Island Pedestrian Bridge,桥梁,1,4 分
Lewis G Morris House,历史景点&史迹徒步游区域,1,4 分
St. Catherine's Park,运动场&公园,1,4 分
St. James Episcopal church,教堂与大教堂,1,4 分
Lilac,专业博物馆&景点与地标,1,4 分
Immanuel Lutheran Church,教堂与大教堂,1,4 分
Calvary-St. George,教堂与大教堂,1,4 分
Di Donna Galleries,美术馆,1,4 分
Manhattan Repertory Theatre,剧院,1,4 分
Opera Gallery New York,美术馆,1,4 分
St. Anthony of Padua,圣地与宗教景点&教堂与大教堂,1,4 分
Miriam and Ira D. Wallach Art Gallery,美术馆&艺术博物馆,1,4 分
Cosby House,建筑物&景点与地标,1,4 分
Anastasia Photo,美术馆,1,4 分
Harlem FIre Watchtower,观察台与观景塔&景点与地标,1,4 分
Edward Tyler Nahem Fine Art,景点与地标,1,4 分
The Chernuchin Theatre,剧院,1,4 分
DR2 Kids Theatre,剧院,1,4 分
Arthur Ross Pinetum,公园,1,4 分
Fusion Arts Museum,艺术博物馆,1,4 分
国家黑色剧院行为艺术研究院,剧院,1,4 分
乡间小镇剧院,历史景点,1,4 分
肯特郡美术馆,古董店,1,4 分
翠贝卡表演艺术中心,剧院,1,4 分
OK哈里斯美术馆,美术馆&古董店,1,4 分
基督和圣士提反圣公会,圣地与宗教景点,1,4 分
罗宁画廊,美术馆,1,4 分
守护天使教堂,建筑物&圣地与宗教景点,1,4 分
艾布朗艺术中心,剧院,2,3.5 分
切尔西古董大楼,大型购物中心,2,3.5 分
纽约商业交易所,建筑物,2,4 分
Block Beautiful,区域,2,3.5 分
Holy Innocents Church,教堂与大教堂,3,3 分
Lewis H. Latimer House Museum,历史博物馆,2,3 分
McCaffery Playground,运动场,2,3 分
邦德街,景点与地标,2,3 分
Holland Tunnel,景点与地标,4,3 分
Park Avenue Christian Church,教堂与大教堂,3,3.5 分
J Hood Wright Park,运动场&公园,1,3 分
The Times Center,市政中心,1,3 分
BCRE 15 Union Square,建筑物,1,3 分
肖恩・凯利,美术馆,2,3 分
Tuscan Square,大型购物中心,2,2 分
肯尼斯・W・兰德尔美术馆,美术馆,2,2.5 分
Mount Neboh Baptist Church,圣地与宗教景点,32,2.5 分
The Broken Kilometer,专业博物馆,7,3.5 分
Museum of Feelings,专业博物馆,6,3 分
美国钱币学会,专业博物馆,2,2.5 分
A La Vieille Russie,美术馆&艺术博物馆,2,3 分
Grand Bazaar NYC,跳蚤市场与街边市场,5,2.5 分
Marilyn Monroe's subway grate,景点与地标,6,2.5 分
Elevated Acre,花园,2,2.5 分
Molly Pitcher's Ale House,啤酒厂,2,3 分
NYCruise,轮渡,3,2 分
浸会纪念教堂,教堂与大教堂,7,2 分
Sadigh Gallery Ancient Art Inc,古董店,6,2 分
The Balcony Theater,剧院,1,2 分
达希斯博物馆,艺术博物馆,1,2 分
The Marketplace at St Anthony's,跳蚤市场与街边市场,2,1.5 分
Art D'Aurelle,美术馆,1,1 分
Fascinating Diamonds,古董店,1,1 分
Margo Feiden Galleries Ltd,美术馆&专业博物馆&艺术博物馆,1,1 分
Tatiana Pages Gallery,景点与地标,1,1 分
